{"train_acc": [0.6502751111984253, 0.6946355104446411, 0.7159559726715088, 0.7455295920372009, 0.7709766030311584, 0.7867950201034546, 0.8253095149993896, 0.8583218455314636, 0.8700137734413147, 0.8789545893669128, 0.9185006618499756, 0.9123108386993408, 0.9356946349143982, 0.9425722360610962, 0.948418140411377, 0.9673315286636353, 0.9724896550178528, 0.97971111536026, 0.9834938049316406, 0.980055034160614, 0.9876203536987305, 0.9848693013191223, 0.9955295920372009, 0.9996561408042908, 1.0, 1.0, 1.0, 1.0, 1.0, 1.0, 1.0, 1.0, 1.0, 1.0, 1.0, 1.0, 1.0, 1.0, 1.0, 1.0, 1.0, 1.0, 1.0, 1.0, 1.0, 1.0, 1.0, 1.0, 1.0, 1.0, 1.0, 1.0, 1.0, 1.0, 1.0, 1.0, 1.0, 1.0, 1.0, 1.0, 1.0, 1.0, 1.0, 1.0, 1.0, 1.0, 1.0, 1.0, 1.0, 1.0, 1.0, 1.0, 1.0, 1.0, 1.0, 1.0, 1.0, 1.0, 1.0, 1.0, 1.0, 1.0, 1.0, 1.0, 1.0, 1.0, 1.0, 1.0, 1.0, 1.0, 1.0, 1.0, 1.0, 1.0, 1.0, 1.0, 1.0, 1.0, 1.0, 1.0], "val_acc": [0.6710894107818604, 0.6850558519363403, 0.7185754179954529, 0.7353351712226868, 0.7479050159454346, 0.8023743033409119, 0.8093575239181519, 0.8519552946090698, 0.8421787619590759, 0.8519552946090698, 0.8596368432044983, 0.86801677942276, 0.8463687300682068, 0.8638268113136292, 0.8687151074409485, 0.8959497213363647, 0.8617318272590637, 0.8770949840545654, 0.8952513933181763, 0.8896648287773132, 0.8882681727409363, 0.8868715167045593, 0.8931564092636108, 0.8973463773727417, 0.9015362858772278, 0.9008380174636841, 0.9001396894454956, 0.8994413614273071, 0.9022346138954163, 0.8973463773727417, 0.8987430334091187, 0.8994413614273071, 0.8973463773727417, 0.8980447053909302, 0.8987430334091187, 0.8987430334091187, 0.8959497213363647, 0.8987430334091187, 0.8980447053909302, 0.8980447053909302, 0.8973463773727417, 0.8966480493545532, 0.8966480493545532, 0.8987430334091187, 0.8994413614273071, 0.8973463773727417, 0.9001396894454956, 0.8959497213363647, 0.8959497213363647, 0.8966480493545532, 0.8980447053909302, 0.8966480493545532, 0.8966480493545532, 0.8966480493545532, 0.8966480493545532, 0.8980447053909302, 0.8987430334091187, 0.8966480493545532, 0.8973463773727417, 0.8973463773727417, 0.8959497213363647, 0.8966480493545532, 0.8945530652999878, 0.8966480493545532, 0.8952513933181763, 0.8959497213363647, 0.8973463773727417, 0.8973463773727417, 0.8959497213363647, 0.8959497213363647, 0.8966480493545532, 0.8966480493545532, 0.8959497213363647, 0.8959497213363647, 0.8973463773727417, 0.8966480493545532, 0.8973463773727417, 0.8959497213363647, 0.8966480493545532, 0.8966480493545532, 0.8973463773727417, 0.8973463773727417, 0.8966480493545532, 0.8966480493545532, 0.8966480493545532, 0.8966480493545532, 0.8966480493545532, 0.8959497213363647, 0.8966480493545532, 0.8966480493545532, 0.8973463773727417, 0.8959497213363647, 0.8959497213363647, 0.8959497213363647, 0.8959497213363647, 0.8959497213363647, 0.8959497213363647, 0.8966480493545532, 0.8973463773727417, 0.8959497213363647], "acc_loss": [0.6392676830291748, 0.5847387909889221, 0.5416940450668335, 0.5073273777961731, 0.4717067778110504, 0.4387201964855194, 0.3830019533634186, 0.32716798782348633, 0.29692307114601135, 0.28315550088882446, 0.2078564614057541, 0.21563583612442017, 0.1533363312482834, 0.14577369391918182, 0.12602469325065613, 0.08637357503175735, 0.07555457204580307, 0.05532979592680931, 0.04984315484762192, 0.052499786019325256, 0.03814515098929405, 0.036281246691942215, 0.01827591471374035, 0.006335603538900614, 0.00310049531981349, 0.0017534237122163177, 0.0013693388318642974, 0.0010452732676640153, 0.0009388601174578071, 0.0007648668251931667, 0.0006845247698947787, 0.0005912367487326264, 0.0005263357888907194, 0.00045779667561873794, 0.0004162324476055801, 0.00038871497963555157, 0.0003506944631226361, 0.00032469237339682877, 0.00029729478410445154, 0.00027285137912258506, 0.00025226411526091397, 0.00023331998090725392, 0.00021826928423251957, 0.0002074250514851883, 0.00019186029385309666, 0.0001772967807482928, 0.00016772073286119848, 0.00015658748452551663, 0.000146654958371073, 0.00013854085409548134, 0.00013157959620002657, 0.00012314158084336668, 0.00011912391346413642, 0.00010995409684255719, 0.00010530036524869502, 9.909054642776027e-05, 9.510156087344512e-05, 8.97804566193372e-05, 8.45368776936084e-05, 8.065746078500524e-05, 7.770532101858407e-05, 7.407830707961693e-05, 7.047666440485045e-05, 6.706806743750349e-05, 6.404814484994859e-05, 6.087624569772743e-05, 5.786998008261435e-05, 5.620271622319706e-05, 5.3698964620707557e-05, 5.1070423069177195e-05, 4.926742985844612e-05, 4.67649006168358e-05, 4.5372507884167135e-05, 4.310055373935029e-05, 4.1679071728140116e-05, 3.968641976825893e-05, 3.810975977103226e-05, 3.648385245469399e-05, 3.518297671689652e-05, 3.388741606613621e-05, 3.270497472840361e-05, 3.150725024170242e-05, 3.0105664336588234e-05, 2.8925680453539826e-05, 2.7830046747112647e-05, 2.6826361136045307e-05, 2.5967316105379723e-05, 2.4886694518500008e-05, 2.3924780180095695e-05, 2.3093556592357345e-05, 2.236378531961236e-05, 2.157708877348341e-05, 2.067673995043151e-05, 1.9952734874095768e-05, 1.9244449504185468e-05, 1.8694752725423314e-05, 1.8191916751675308e-05, 1.7269594536628574e-05, 1.667710967012681e-05, 1.622158379177563e-05], "val_loss": [0.6151449680328369, 0.5862618088722229, 0.5456953644752502, 0.5190669894218445, 0.5194808840751648, 0.4475623667240143, 0.4212476909160614, 0.3657929003238678, 0.36130234599113464, 0.3575236201286316, 0.3289068937301636, 0.32675832509994507, 0.37779149413108826, 0.3485715985298157, 0.3425179719924927, 0.30838897824287415, 0.38336947560310364, 0.3939858078956604, 0.31548795104026794, 0.347484290599823, 0.38516098260879517, 0.44517782330513, 0.37381160259246826, 0.3819100558757782, 0.3859710395336151, 0.4031904339790344, 0.41326290369033813, 0.4218713641166687, 0.4313094913959503, 0.44257739186286926, 0.4497434198856354, 0.45560482144355774, 0.4630672037601471, 0.47222256660461426, 0.47524696588516235, 0.4799274802207947, 0.48783227801322937, 0.4912419319152832, 0.4965159595012665, 0.502593457698822, 0.5073509812355042, 0.5133795142173767, 0.5173237919807434, 0.521353542804718, 0.5257979035377502, 0.5303619503974915, 0.5339987277984619, 0.5378305315971375, 0.5418169498443604, 0.5454400777816772, 0.548930823802948, 0.55396968126297, 0.5570149421691895, 0.5610427260398865, 0.5647567510604858, 0.567268431186676, 0.5696156024932861, 0.574108362197876, 0.5777633190155029, 0.5797810554504395, 0.5846248865127563, 0.5876994729042053, 0.5904812812805176, 0.5928104519844055, 0.5959473252296448, 0.5981452465057373, 0.6030991673469543, 0.6046027541160583, 0.6072490215301514, 0.6093431115150452, 0.6134217977523804, 0.6160795092582703, 0.6186394095420837, 0.6214797496795654, 0.6241791248321533, 0.6263479590415955, 0.6299096941947937, 0.6319100260734558, 0.6351363658905029, 0.6369324922561646, 0.6398879885673523, 0.6426485180854797, 0.645889937877655, 0.648318350315094, 0.6503047943115234, 0.6533416509628296, 0.6550203561782837, 0.6591424942016602, 0.6613583564758301, 0.6637367606163025, 0.6665605902671814, 0.6682372093200684, 0.6711366176605225, 0.6733248829841614, 0.6763851046562195, 0.6789686679840088, 0.6813022494316101, 0.6827073097229004, 0.6859287619590759, 0.6881490349769592]}